condition,availability,metric,favorable_direction,n_pairs,mean_improvement,ci95_low,ci95_high,worst_case_improvement,worst_20pct_mean_improvement,wilcoxon_p_value,mean_relative_improvement_pct,relative_ci95_low_pct,relative_ci95_high_pct,worst_case_relative_improvement_pct,worst_20pct_mean_relative_improvement_pct
adverse_bias_s1.0,0.5,common_cost,lower,12,-4.3446984655439165,-13.03122660186927,1.4175351531283813,-25.38028855999727,-17.01452431791434,0.20361328125,-1.1513024592750827,-3.632343653241953,0.7227480596959368,-7.396224784581332,-4.552913181425003
adverse_bias_s1.0,0.5,e_grid_mwh,lower,12,-20.48328782015344,-51.256672518362876,0.4451225549061175,-91.99303006842183,-64.47545391663932,0.02099609375,-1.652137102601183,-4.523711589642615,0.6844368589848887,-8.557865032972177,-5.442961656149416
adverse_bias_s1.0,0.5,co2_kg,lower,12,-8815.305979519515,-23526.80902623206,245.44866867759507,-43978.92406147305,-30594.952867013537,0.0341796875,-2.854886248506859,-5.646584601673978,-0.3303626575557394,-11.011530034301597,-8.149733029378064
adverse_bias_s1.0,0.5,e_total_mwh,lower,12,-11.013182761124028,-15.756277550741325,-6.7759090966374815,-23.81151228756221,-19.86119329228548,0.00048828125,-0.5882930855247122,-0.8179790715829474,-0.38944710475955685,-1.1872823477699415,-1.0173431854998372
adverse_bias_s1.0,0.5,e_cooling_mwh,lower,12,-8.320097818582227,-12.155364560438661,-4.785604090800726,-19.11721965340257,-16.315829169424887,0.00048828125,-1.585824394236716,-2.0923880047845644,-1.204778657229491,-3.0325325514289325,-2.5876646705190525
adverse_bias_s1.0,0.5,e_pump_mwh,lower,12,-2.6930849425413883,-4.622801769896648,-0.8916738361506834,-6.568650373222148,-5.958867999555245,0.01220703125,-8.960458005439449,-17.10128359887596,0.7166505940933448,-31.268142399129506,-24.117502497981977
adverse_bias_s1.0,0.5,recommended_exceedance_degc_h,lower,12,1.3901382185918185,3.7069130680578155e-06,3.642594341471392,3.4570818030488226e-07,9.132843423742543e-07,0.00048828125,,,,,
adverse_bias_s1.0,0.5,recommended_exceedance_hours,lower,12,3.1666666666666665,0.0,7.416666666666667,0.0,0.0,0.0625,,,,,
adverse_bias_s1.0,0.5,recommended_compliance_pct,higher,12,1.8849206349206362,0.0,4.464285714285712,0.0,0.0,0.0625,,,,,
adverse_bias_s1.0,0.5,p95_t_inlet_c,lower,12,0.1204374665207449,0.004153560003460174,0.2642683278102699,4.857935920199452e-08,0.00012038756556146761,0.00048828125,,,,,
adverse_bias_s1.0,0.5,p99_t_inlet_c,lower,12,0.14108446959419604,5.194075482014189e-06,0.3398227980791478,9.597771111202746e-08,1.6104332919060957e-07,0.00048828125,,,,,
adverse_bias_s1.0,0.5,max_t_inlet_c,lower,12,0.198709227207735,2.6739466643851037e-06,0.44188122348446457,2.5108853662914044e-08,1.5663204185519439e-07,0.00048828125,,,,,
adverse_bias_s1.0,0.5,min_allowable_headroom_c,higher,12,0.19870922720773532,2.7062103957753436e-06,0.4437249804756107,2.5108853662914044e-08,1.5663204333549174e-07,0.00048828125,,,,,
adverse_bias_s1.0,0.5,allowable_exceedance_hours,lower,12,0.0,0.0,0.0,0.0,0.0,1.0,,,,,
adverse_bias_s1.0,0.5,allowable_exceedance_degc_h,lower,12,0.0,0.0,0.0,0.0,0.0,1.0,,,,,
adverse_bias_s1.0,0.5,temporal_rci_hi_pct,higher,12,0.1654926450704579,4.4225978731068e-07,0.43713824912469573,4.115574370189279e-08,1.0872433146384235e-07,0.00048828125,,,,,
adverse_bias_s1.0,0.75,common_cost,lower,12,-0.4322174466408839,-2.9484956652434944,1.9192839877083,-7.973904086517848,-5.405776854984879,0.6220703125,-0.024708403305520377,-0.8379033189534653,0.7940285926889448,-2.2187318756898353,-1.5553061782137922
adverse_bias_s1.0,0.75,e_grid_mwh,lower,12,-6.621460525224928,-15.915142520574175,1.575099694217234,-39.69885786705686,-23.49517869150361,0.1513671875,-0.4562048687557013,-1.3883573430016138,0.5125952480750264,-3.4460184140663044,-2.1028783416057335
adverse_bias_s1.0,0.75,co2_kg,lower,12,-2757.209017826182,-7801.466632512202,524.964206390008,-19521.920925117913,-10929.799109161075,0.02099609375,-0.9250289109033428,-1.8418005070071144,0.15979618463687623,-3.849340756364801,-2.6542656880064683
adverse_bias_s1.0,0.75,e_total_mwh,lower,12,-3.9908874663208658,-10.175967698319765,1.1632850829824406,-17.866330994372674,-14.480954329079546,0.10986328125,-0.23216716817460661,-0.5701789637875648,0.045971222354662,-0.9896605216088163,-0.7913513786942988
adverse_bias_s1.0,0.75,e_cooling_mwh,lower,12,-1.5759592076723454,-6.103546765740333,2.57172116292583,-11.660727966178456,-9.162335449644198,0.26611328125,-0.4890337632584214,-1.4651086065681036,0.3788797632427822,-3.3866852186560616,-2.1751621961418834
adverse_bias_s1.0,0.75,e_pump_mwh,lower,12,-2.414928258648464,-4.573941475698374,-0.7760024750543617,-6.205603028193934,-5.31861887943458,0.00244140625,-16.856315585647476,-27.962016779323136,-7.213587451830264,-49.29362897743167,-36.133016863013204
adverse_bias_s1.0,0.75,recommended_exceedance_degc_h,lower,12,0.050824182684121,-0.0055099214296705995,0.13583088996108267,-0.022054807685332536,-0.007351238842315852,0.02099609375,,,,,
adverse_bias_s1.0,0.75,recommended_exceedance_hours,lower,12,0.3333333333333333,-0.25,1.3333333333333333,-1.0,-0.3333333333333333,0.75,,,,,
adverse_bias_s1.0,0.75,recommended_compliance_pct,higher,12,0.1984126984126983,-0.1488095238095184,0.7936507936507932,-0.5952380952380736,-0.19841269841269119,0.75,,,,,
adverse_bias_s1.0,0.75,p95_t_inlet_c,lower,12,0.09595115762720881,0.037678542408600656,0.15739082999688783,1.441138408608822e-08,4.9659364028305695e-08,0.00048828125,,,,,
adverse_bias_s1.0,0.75,p99_t_inlet_c,lower,12,0.053643838235013064,0.021189204030487095,0.08630249875367005,4.262203034954837e-08,8.104304427547504e-08,0.00048828125,,,,,
adverse_bias_s1.0,0.75,max_t_inlet_c,lower,12,0.043120602180647616,-0.0015639337193356084,0.11743886157814416,-0.022055721219263802,-0.007352001115931965,0.0341796875,,,,,
adverse_bias_s1.0,0.75,min_allowable_headroom_c,higher,12,0.04312060218064725,-0.000782130148514352,0.1164225286018447,-0.02205572121926469,-0.0073520011159346295,0.0341796875,,,,,
adverse_bias_s1.0,0.75,allowable_exceedance_hours,lower,12,0.0,0.0,0.0,0.0,0.0,1.0,,,,,
adverse_bias_s1.0,0.75,allowable_exceedance_degc_h,lower,12,0.0,0.0,0.0,0.0,0.0,1.0,,,,,
adverse_bias_s1.0,0.75,temporal_rci_hi_pct,higher,12,0.006050497938581145,-0.0006559425141444327,0.016102371836989853,-0.0026255723435042455,-0.000875147481238514,0.02099609375,,,,,
adverse_bias_s1.0,1.0,common_cost,lower,12,-0.6531675419646632,-2.5788910273109997,1.5775958050962984,-5.832639338710777,-4.050703938172272,0.26611328125,-0.2094084873396227,-1.0990782308038054,1.0332671207278743,-2.67781572904175,-1.7813688368140588
adverse_bias_s1.0,1.0,e_grid_mwh,lower,12,-7.075320254822453,-17.85800985413114,3.359625112704064,-42.89084682308555,-23.34156414503593,0.06396484375,-0.6039605640986361,-2.390149623816469,1.2340218556502505,-6.249030977551648,-3.2614863858937624
adverse_bias_s1.0,1.0,co2_kg,lower,12,-2249.6136236237485,-6131.070614250634,987.5756549753742,-11733.757167864416,-8944.793188265738,0.2333984375,0.027634375753220485,-1.875860118919459,2.2373889303288044,-4.182604436709961,-2.9373831667777655
adverse_bias_s1.0,1.0,e_total_mwh,lower,12,-2.9329711965049037,-8.785451995167003,2.0757629295965745,-15.886712256945657,-13.06258727274303,0.2333984375,-0.1678362124759681,-0.5031264874823089,0.12274216183610046,-0.9881984512140214,-0.7315493114928568
adverse_bias_s1.0,1.0,e_cooling_mwh,lower,12,-1.0493294832327014,-6.103090021567174,3.684593460148403,-13.612333577004108,-9.540742693444619,0.5185546875,-0.34724165719028366,-1.5944925862412511,0.6905298743415962,-4.260029937964708,-2.5178563802763976
adverse_bias_s1.0,1.0,e_pump_mwh,lower,12,-1.883641713270917,-3.5715749815771445,-0.3878674470931898,-5.238290048346787,-4.143336891821356,0.0048828125,-16.323777585297993,-27.40477529828334,-3.3333695505557217,-47.54197184276311,-34.56872749608513
adverse_bias_s1.0,1.0,recommended_exceedance_degc_h,lower,12,4.81070861694614e-06,-2.3542630177194237e-06,1.823842024393968e-05,-1.1276042105379249e-05,-4.0526427487937635e-06,0.12939453125,,,,,
adverse_bias_s1.0,1.0,recommended_exceedance_hours,lower,12,0.0,0.0,0.0,0.0,0.0,1.0,,,,,
adverse_bias_s1.0,1.0,recommended_compliance_pct,higher,12,0.0,0.0,0.0,0.0,0.0,1.0,,,,,
adverse_bias_s1.0,1.0,p95_t_inlet_c,lower,12,0.0825247023660672,0.022811851086017895,0.14816879437036393,-3.779618396038131e-09,2.1979963330901835e-08,0.0009765625,,,,,
adverse_bias_s1.0,1.0,p99_t_inlet_c,lower,12,0.03312686243519636,0.008024976377271642,0.06293703041532558,6.587904621824237e-08,8.708583839241631e-08,0.00048828125,,,,,
adverse_bias_s1.0,1.0,max_t_inlet_c,lower,12,3.716403955541144e-06,-3.636275643851642e-06,1.7146814571270914e-05,-1.1952865442310667e-05,-5.055079787060397e-06,0.2333984375,,,,,
adverse_bias_s1.0,1.0,min_allowable_headroom_c,higher,12,3.716403956133263e-06,-3.5072226200139053e-06,1.715825704629026e-05,-1.1952865438757954e-05,-5.055079787060397e-06,0.2333984375,,,,,
adverse_bias_s1.0,1.0,allowable_exceedance_hours,lower,12,0.0,0.0,0.0,0.0,0.0,1.0,,,,,
adverse_bias_s1.0,1.0,allowable_exceedance_degc_h,lower,12,0.0,0.0,0.0,0.0,0.0,1.0,,,,,
adverse_bias_s1.0,1.0,temporal_rci_hi_pct,higher,12,5.727034064761938e-07,-2.775359545144814e-07,2.166369696047591e-06,-1.3423859570593777e-06,-4.824574659778591e-07,0.12939453125,,,,,
none_s0.0,0.5,common_cost,lower,12,-1.5597049852621296,-2.271554814004762,-0.8855815560436189,-3.824341539750492,-3.3468891920127057,0.00048828125,-0.6439515524223602,-1.1581858617149297,-0.3412847376169124,-2.6786413416577846,-1.535197439490197
none_s0.0,0.5,e_grid_mwh,lower,12,-8.815716009076132,-19.66036612231459,-3.798761108226469,-49.35900932836489,-23.46968957802134,0.00048828125,-0.8257980693721267,-1.8131199079420852,-0.3247968936251943,-4.690450202498698,-2.2868610764474497
none_s0.0,0.5,co2_kg,lower,12,-1528.0664509863593,-2910.0755184522004,-10.726824453482704,-5508.231900216488,-3891.3651504102745,0.00048828125,-0.9323335740898322,-2.1802744780866856,-0.3536212704369095,-5.649727933208529,-2.604660762212037
none_s0.0,0.5,e_total_mwh,lower,12,-7.319847913264709,-12.14033136214662,-3.194879161961296,-18.68726984830232,-14.389383568191002,0.00048828125,-0.38517619874608705,-0.6208794694588363,-0.17582159934618452,-0.9270268591872151,-0.7348279594255082
none_s0.0,0.5,e_cooling_mwh,lower,12,-5.877130832592608,-9.72002055507682,-2.4694421633894543,-14.826883282808922,-13.252215992772221,0.00048828125,-1.0739236173070965,-1.6290129034151137,-0.5803451227130938,-2.2714571215391195,-2.0922820327136455
none_s0.0,0.5,e_pump_mwh,lower,12,-1.4427170806716285,-3.4387325309214485,0.5261560414461399,-4.225310248358916,-3.7127683801911076,0.05224609375,-7.311726983229792,-13.547138873462217,-1.3691514780295284,-30.81419669066453,-19.164265792020963
none_s0.0,0.5,recommended_exceedance_degc_h,lower,12,0.15277360121953087,-0.5350821718659938,1.1461744774913039,-1.6052486128531314,-0.5350829064724181,0.49609375,,,,,
none_s0.0,0.5,recommended_exceedance_hours,lower,12,0.0,-2.3333333333333335,2.3333333333333335,-7.0,-2.3333333333333335,1.0,,,,,
none_s0.0,0.5,recommended_compliance_pct,higher,12,0.0,-1.3888888888888857,1.3888888888888857,-4.166666666666657,-1.3888888888888857,1.0,,,,,
none_s0.0,0.5,p95_t_inlet_c,lower,12,0.1697733818434101,0.09552882195550795,0.22148299235767427,-0.07802938178253527,0.025452738771042743,0.00244140625,,,,,
none_s0.0,0.5,p99_t_inlet_c,lower,12,0.14088727752177674,-0.011356581752067996,0.3289632152249887,-0.2868911900174602,-0.0802017328364677,0.02685546875,,,,,
none_s0.0,0.5,max_t_inlet_c,lower,12,0.059452073697083385,-0.07803411722520634,0.2552213139165689,-0.3225250802908981,-0.10750839581708149,0.12939453125,,,,,
none_s0.0,0.5,min_allowable_headroom_c,higher,12,0.059452073697083385,-0.07803343131585497,0.2625154360095664,-0.32252508029090166,-0.10750839581708356,0.12939453125,,,,,
none_s0.0,0.5,allowable_exceedance_hours,lower,12,0.0,0.0,0.0,0.0,0.0,1.0,,,,,
none_s0.0,0.5,allowable_exceedance_degc_h,lower,12,0.0,0.0,0.0,0.0,0.0,1.0,,,,,
none_s0.0,0.5,temporal_rci_hi_pct,higher,12,0.0181873334785152,-0.06370025773392385,0.1364493425087344,-0.19110102533966256,-0.06370034600862103,0.49609375,,,,,
none_s0.0,0.75,common_cost,lower,12,-1.262906697117721,-2.7382049124444996,-0.3663933365504543,-6.220880472693636,-3.3081050870530553,0.00048828125,-0.42685962039430414,-0.8120182807243445,-0.1891119795175935,-1.4700416736355058,-0.9905136890249763
none_s0.0,0.75,e_grid_mwh,lower,12,-4.720987136471251,-9.605463482805513,-2.0158851092455734,-21.20700428682585,-11.387993035063346,0.0009765625,-0.4353603177929607,-0.8552182174376369,-0.16930152294052445,-1.5483862392697616,-1.0801896985810486
none_s0.0,0.75,co2_kg,lower,12,-1633.900067248048,-4197.67837281773,-5.492896093357483,-10012.48111979547,-5213.0166334264795,0.0068359375,-0.4646103597250064,-0.8859681608522874,-0.19083576614519715,-1.6209694527954277,-1.1063131355541336
none_s0.0,0.75,e_total_mwh,lower,12,-5.352880484652398,-9.64029730052554,-1.4962702013808855,-13.210322429727512,-12.610927574318112,0.00341796875,-0.2897649548099137,-0.5185334262725151,-0.08036019448216276,-0.6904639176084706,-0.6700847587647708
none_s0.0,0.75,e_cooling_mwh,lower,12,-3.835254432538008,-7.43244311292242,-0.6169364371993519,-10.737809965948827,-10.262385589462932,0.02099609375,-0.7709251202303914,-1.434905301016626,-0.12357763911682046,-1.9968751298816503,-1.9444104941428269
none_s0.0,0.75,e_pump_mwh,lower,12,-1.517626052114413,-2.4284163662542326,-0.5104379254847973,-3.5969313943740318,-3.0924618104494157,0.0009765625,-7.296503833786259,-11.430154057003177,-3.4296520161355564,-16.89302600109398,-13.033437586038843
none_s0.0,0.75,recommended_exceedance_degc_h,lower,12,-1.848902246119147e-08,-2.042619963541862e-07,9.541256511536031e-08,-6.63214500207232e-07,-2.4164420272162107e-07,0.431640625,,,,,
none_s0.0,0.75,recommended_exceedance_hours,lower,12,0.0,0.0,0.0,0.0,0.0,1.0,,,,,
none_s0.0,0.75,recommended_compliance_pct,higher,12,0.0,0.0,0.0,0.0,0.0,1.0,,,,,
none_s0.0,0.75,p95_t_inlet_c,lower,12,0.14624760574432263,0.10802614423606638,0.16650931072045516,0.0011365870537325407,0.09594917889315606,0.00048828125,,,,,
none_s0.0,0.75,p99_t_inlet_c,lower,12,0.11190614144890117,0.07974442422644766,0.12749582662717265,-1.3194862056309375e-06,0.07331484827971362,0.0009765625,,,,,
none_s0.0,0.75,max_t_inlet_c,lower,12,0.011770073712201068,-1.4431793922871824e-07,0.030325301228296315,-6.634322566867468e-07,-2.3779583102623292e-07,0.0771484375,,,,,
none_s0.0,0.75,min_allowable_headroom_c,higher,12,0.011770073712201365,-1.4431793922871824e-07,0.03178822889572105,-6.634322602394604e-07,-2.3779583221047082e-07,0.0771484375,,,,,
none_s0.0,0.75,allowable_exceedance_hours,lower,12,0.0,0.0,0.0,0.0,0.0,1.0,,,,,
none_s0.0,0.75,allowable_exceedance_degc_h,lower,12,0.0,0.0,0.0,0.0,0.0,1.0,,,,,
none_s0.0,0.75,temporal_rci_hi_pct,higher,12,-2.2010707330840282e-09,-2.4357593482922843e-08,1.1288619639060467e-08,-7.895411613390024e-08,-2.8767156360724282e-08,0.431640625,,,,,
none_s0.0,1.0,common_cost,lower,12,-0.8171906603160343,-1.4588955331798275,-0.30222708601848564,-2.2608352187469336,-1.849725819493339,0.00048828125,-0.30715684523856795,-0.555243384732403,-0.1546642824251763,-1.0690890368459245,-0.6850994574321385
none_s0.0,1.0,e_grid_mwh,lower,12,-2.9431910446349385,-4.417488004440443,-1.5986225758304708,-6.06059320752388,-5.690043593604211,0.0009765625,-0.3056690532127067,-0.5397596156133302,-0.13561873179604508,-0.888784664017828,-0.6815980316012915
none_s0.0,1.0,co2_kg,lower,12,-897.9568303629493,-1851.3884885132672,-4.16653176663894,-2679.4951359521365,-2495.7023916144776,0.0048828125,-0.32154889239479534,-0.5693098640003945,-0.1496651744684726,-1.0194366936781187,-0.7250837615523018
none_s0.0,1.0,e_total_mwh,lower,12,-5.503632837832337,-9.884987506704249,-1.1844047427141124,-15.809971381174819,-13.08154106219043,0.0048828125,-0.29981863129120523,-0.5302159193627337,-0.06534683053085122,-0.8471110992610571,-0.7077063176954783
none_s0.0,1.0,e_cooling_mwh,lower,12,-4.461460481861944,-8.580434210364169,-0.7105003647417855,-15.282235280301848,-11.643939551217557,0.01220703125,-0.8931071131757928,-1.6278100616796465,-0.16635113879814317,-2.948559416361855,-2.257882862091558
none_s0.0,1.0,e_pump_mwh,lower,12,-1.042172355970269,-1.7273123640306665,-0.42948329311576317,-2.1230091714239023,-2.0838182916511143,0.00146484375,-7.14409351381177,-11.29845489697404,-3.344806572391506,-15.60371079794238,-13.005723069939737
none_s0.0,1.0,recommended_exceedance_degc_h,lower,12,-2.7454832185469513e-08,-2.3444047414500346e-07,1.1383990705660091e-07,-7.229607135172955e-07,-3.5345976693671827e-07,0.2333984375,,,,,
none_s0.0,1.0,recommended_exceedance_hours,lower,12,0.0,0.0,0.0,0.0,0.0,1.0,,,,,
none_s0.0,1.0,recommended_compliance_pct,higher,12,0.0,0.0,0.0,0.0,0.0,1.0,,,,,
none_s0.0,1.0,p95_t_inlet_c,lower,12,0.13247814054249454,0.12400026227473886,0.14039363781612688,0.10982420201693088,0.1164205332388093,0.00048828125,,,,,
none_s0.0,1.0,p99_t_inlet_c,lower,12,0.09713831547087566,0.0708475101294976,0.1101856084894046,3.3976874647123623e-09,0.060744505935240056,0.00048828125,,,,,
none_s0.0,1.0,max_t_inlet_c,lower,12,0.005702234195250473,7.361989240450839e-09,0.021853551321024962,-7.36581625915278e-07,-3.581667501843337e-07,0.04248046875,,,,,
none_s0.0,1.0,min_allowable_headroom_c,higher,12,0.00570223419525077,8.389033763952133e-09,0.0218538068929793,-7.36581625915278e-07,-3.581667501843337e-07,0.04248046875,,,,,
none_s0.0,1.0,allowable_exceedance_hours,lower,12,0.0,0.0,0.0,0.0,0.0,1.0,,,,,
none_s0.0,1.0,allowable_exceedance_degc_h,lower,12,0.0,0.0,0.0,0.0,0.0,1.0,,,,,
none_s0.0,1.0,temporal_rci_hi_pct,higher,12,-3.2684278986986706e-09,-2.79095715427502e-08,1.349700502473178e-08,-8.606673418398714e-08,-4.2078539763679146e-08,0.2333984375,,,,,
