setting,scenario,metric,favorable_direction,n_pairs,mean_improvement,ci95_low,ci95_high,wilcoxon_p_value,mean_relative_improvement_pct,relative_ci95_low_pct,relative_ci95_high_pct
high_carbon,adverse_bias,common_cost,lower,12,-1.5540155420358868,-3.4383885687292803,0.014697153872167709,0.0341796875,-0.39715430446625916,-0.9542630962132903,0.133185681421544
high_carbon,adverse_bias,e_grid_mwh,lower,12,-4.313853170746744,-7.844079112291506,-1.1208622101928991,0.00244140625,-0.5332594665728088,-1.1384503417911431,-0.09617617473091905
high_carbon,adverse_bias,co2_kg,lower,12,-1679.718373640514,-3657.360477351062,-11.324102826203424,0.00927734375,-0.8532250874480078,-1.5376420617239226,-0.24279491356283966
high_carbon,adverse_bias,e_total_mwh,lower,12,0.027272404477097705,-4.7128754848469425,6.786578401605728,0.30126953125,-0.02722522288343112,-0.3068533739776129,0.3481350797309547
high_carbon,adverse_bias,recommended_exceedance_degc_h,lower,12,6.017967531413149e-06,9.351686135916637e-07,2.03174339012883e-05,0.00048828125,,,
high_carbon,adverse_bias,recommended_exceedance_hours,lower,12,0.0,0.0,0.0,1.0,,,
high_carbon,adverse_bias,recommended_compliance_pct,higher,12,0.0,0.0,0.0,1.0,,,
high_carbon,adverse_bias,p95_t_inlet_c,lower,12,0.1786342383188222,0.09145556985678145,0.23147328045498453,0.00048828125,,,
high_carbon,adverse_bias,p99_t_inlet_c,lower,12,0.09528369224580195,0.04820076543692803,0.13432270737963373,0.0009765625,,,
high_carbon,adverse_bias,max_t_inlet_c,lower,12,3.881239664771385e-06,1.469046268927817e-07,1.4852641183911905e-05,0.0009765625,,,
high_carbon,adverse_bias,min_allowable_headroom_c,higher,12,3.8812396629950285e-06,1.4593400191239188e-07,1.4856167026936854e-05,0.0009765625,,,
high_carbon,adverse_bias,allowable_exceedance_hours,lower,12,0.0,0.0,0.0,1.0,,,
high_carbon,adverse_bias,allowable_exceedance_degc_h,lower,12,0.0,0.0,0.0,1.0,,,
high_carbon,adverse_bias,temporal_rci_hi_pct,higher,12,7.164247044499916e-07,1.1199164973163533e-07,2.4110472930753226e-06,0.00048828125,,,
high_carbon,none,common_cost,lower,12,-1.0189608426172256,-1.8308525751095341,-0.09586134429790387,0.00048828125,-0.38273880490996925,-0.7752275748617095,-0.061038627110018416
high_carbon,none,e_grid_mwh,lower,12,-1.2082006087975543,-2.598138132701916,-0.3405520080612329,0.00146484375,-0.22232911370670203,-0.5362280160294424,-0.03215696719118307
high_carbon,none,co2_kg,lower,12,-747.8042485574883,-1452.821619250734,-6.399694866481241,0.00048828125,-0.4109504050085433,-0.6686395666279165,-0.15627007798435968
high_carbon,none,e_total_mwh,lower,12,-1.6366139515858436,-7.527336841475081,5.3489658669500955,0.17626953125,-0.09131563852732456,-0.4266889068213452,0.33099207724905866
high_carbon,none,recommended_exceedance_degc_h,lower,12,8.569485861661026e-08,-1.3786917178274885e-07,2.7961211576480817e-07,0.375,,,
high_carbon,none,recommended_exceedance_hours,lower,12,0.0,0.0,0.0,1.0,,,
high_carbon,none,recommended_compliance_pct,higher,12,0.0,0.0,0.0,1.0,,,
high_carbon,none,p95_t_inlet_c,lower,12,0.09853876417852003,0.0628039943948222,0.13027032640093714,0.0009765625,,,
high_carbon,none,p99_t_inlet_c,lower,12,0.08129289022221009,0.04893506311315695,0.1129553032554726,0.0009765625,,,
high_carbon,none,max_t_inlet_c,lower,12,0.008880003503851874,-4.9419953514669617e-08,0.03551974361948762,0.2333984375,,,
high_carbon,none,min_allowable_headroom_c,higher,12,0.008880003503851283,-5.3722032992512914e-08,0.03551971661881353,0.2333984375,,,
high_carbon,none,allowable_exceedance_hours,lower,12,0.0,0.0,0.0,1.0,,,
high_carbon,none,allowable_exceedance_degc_h,lower,12,0.0,0.0,0.0,1.0,,,
high_carbon,none,temporal_rci_hi_pct,higher,12,1.020177127960172e-08,-1.621242180505078e-08,3.2765838634910895e-08,0.375,,,
high_total,adverse_bias,common_cost,lower,12,-0.5960963889331529,-2.131230901079732,0.7793729453952039,0.30126953125,-0.1676478235171879,-0.7637138553812108,0.46268040678215117
high_total,adverse_bias,e_grid_mwh,lower,12,-4.0254864415993294,-8.792374008153423,0.0765316148297354,0.00927734375,-0.4164213919011399,-1.253811969556775,0.2616921725436308
high_total,adverse_bias,co2_kg,lower,12,-1001.9532189933099,-3520.7605983164685,595.5617690242108,0.17626953125,-0.40470809706015876,-1.2055773599211002,0.2818510254016702
high_total,adverse_bias,e_total_mwh,lower,12,-1.4912162610757111,-7.156039189222535,5.64936102816516,0.26611328125,-0.11654792497148161,-0.45413412578502343,0.28881434524526856
high_total,adverse_bias,recommended_exceedance_degc_h,lower,12,1.5270332259117583e-05,1.573243877395214e-06,4.8821173053006155e-05,0.0009765625,,,
high_total,adverse_bias,recommended_exceedance_hours,lower,12,0.0,0.0,0.0,1.0,,,
high_total,adverse_bias,recommended_compliance_pct,higher,12,0.0,0.0,0.0,1.0,,,
high_total,adverse_bias,p95_t_inlet_c,lower,12,0.15469785452403398,0.0819460919111954,0.2149895887400024,0.00048828125,,,
high_total,adverse_bias,p99_t_inlet_c,lower,12,0.08994240593213476,0.0462733443757355,0.12661552156375588,0.00146484375,,,
high_total,adverse_bias,max_t_inlet_c,lower,12,1.0889938928097346e-05,2.2156758584894e-07,3.589655111409703e-05,0.0048828125,,,
high_total,adverse_bias,min_allowable_headroom_c,higher,12,1.0889938926987123e-05,2.239849647978076e-07,3.5871334807889064e-05,0.0048828125,,,
high_total,adverse_bias,allowable_exceedance_hours,lower,12,0.0,0.0,0.0,1.0,,,
high_total,adverse_bias,allowable_exceedance_degc_h,lower,12,0.0,0.0,0.0,1.0,,,
high_total,adverse_bias,temporal_rci_hi_pct,higher,12,1.8178966953996678e-06,1.880565904777143e-07,5.8175862305276365e-06,0.0009765625,,,
high_total,none,common_cost,lower,12,-0.4579387590898894,-1.1149321946756843,0.007652964977425979,0.06396484375,-0.165278772566154,-0.40842617066622866,0.010005642751876946
high_total,none,e_grid_mwh,lower,12,-1.50234501785485,-3.5028328970618516,-0.12761572930290477,0.04248046875,-0.25470067597921725,-0.581470641650601,0.005025798757484564
high_total,none,co2_kg,lower,12,-667.2367686970783,-1645.2542458985845,96.81771759615904,0.0771484375,-0.24499945283112545,-0.5904296337750162,0.0654558715694622
high_total,none,e_total_mwh,lower,12,1.26488213835889,-5.039907675184971,9.84246964722331,0.38037109375,0.07316672849901591,-0.31330172754950536,0.5981725401955064
high_total,none,recommended_exceedance_degc_h,lower,12,2.2603041601361914e-07,-2.2101478780456318e-07,1.0122595905196856e-06,0.51953125,,,
high_total,none,recommended_exceedance_hours,lower,12,0.0,0.0,0.0,1.0,,,
high_total,none,recommended_compliance_pct,higher,12,0.0,0.0,0.0,1.0,,,
high_total,none,p95_t_inlet_c,lower,12,0.07018029246191955,0.00684884484656514,0.1194351237401244,0.02099609375,,,
high_total,none,p99_t_inlet_c,lower,12,0.05612256567938475,0.01815370990920026,0.09412907151712563,0.04248046875,,,
high_total,none,max_t_inlet_c,lower,12,1.5571394366512928e-07,-2.4818015595950984e-07,7.421666540589437e-07,0.38037109375,,,
high_total,none,min_allowable_headroom_c,higher,12,1.5571394388717388e-07,-2.502158258366194e-07,7.407014213830129e-07,0.38037109375,,,
high_total,none,allowable_exceedance_hours,lower,12,0.0,0.0,0.0,1.0,,,
high_total,none,allowable_exceedance_degc_h,lower,12,0.0,0.0,0.0,1.0,,,
high_total,none,temporal_rci_hi_pct,higher,12,2.690838130092743e-08,-2.6188273475706108e-08,1.204244751325708e-07,0.51953125,,,
low_carbon,adverse_bias,common_cost,lower,12,-0.7520531062982379,-1.4768871315592444,-0.1496104991765587,0.01220703125,-0.4344450132571161,-0.8912193693888725,-0.008176005198627873
low_carbon,adverse_bias,e_grid_mwh,lower,12,-4.4113186379483595,-8.249001125878749,-1.0380053363281263,0.00341796875,-0.5073486899078363,-1.1534609244003025,0.029433152749924654
low_carbon,adverse_bias,co2_kg,lower,12,-1272.5811776238222,-3329.7452026408864,112.14771830880272,0.05224609375,-0.6958748263698858,-1.4806483746175316,0.01924769787400279
low_carbon,adverse_bias,e_total_mwh,lower,12,-4.3973842871311986,-10.491733868346387,0.8223566473475709,0.02099609375,-0.2834075759148895,-0.6462883534842767,0.04297286294129611
low_carbon,adverse_bias,recommended_exceedance_degc_h,lower,12,6.2965517348227236e-06,1.0082545450392406e-06,1.8894846035936535e-05,0.00048828125,,,
low_carbon,adverse_bias,recommended_exceedance_hours,lower,12,0.0,0.0,0.0,1.0,,,
low_carbon,adverse_bias,recommended_compliance_pct,higher,12,0.0,0.0,0.0,1.0,,,
low_carbon,adverse_bias,p95_t_inlet_c,lower,12,0.15918562699362226,0.07808835843496376,0.2225760135086571,0.00048828125,,,
low_carbon,adverse_bias,p99_t_inlet_c,lower,12,0.08983859691137515,0.04532391179601084,0.12552395893584503,0.0009765625,,,
low_carbon,adverse_bias,max_t_inlet_c,lower,12,4.718008220253959e-06,1.7145040078769825e-07,1.625172113713565e-05,0.0009765625,,,
low_carbon,adverse_bias,min_allowable_headroom_c,higher,12,4.718008219069721e-06,1.7105402694284066e-07,1.62514544947238e-05,0.0009765625,,,
low_carbon,adverse_bias,allowable_exceedance_hours,lower,12,0.0,0.0,0.0,1.0,,,
low_carbon,adverse_bias,allowable_exceedance_degc_h,lower,12,0.0,0.0,0.0,1.0,,,
low_carbon,adverse_bias,temporal_rci_hi_pct,higher,12,7.495894938832256e-07,1.2040117590335817e-07,2.263053564396008e-06,0.00048828125,,,
low_carbon,none,common_cost,lower,12,0.1097903083312038,-0.3120006838555548,0.7538239056152788,0.423828125,0.056386786700181074,-0.28858036847816987,0.4791530398442812
low_carbon,none,e_grid_mwh,lower,12,1.0399910373776724,-0.6315312526943248,4.007113901328434,0.7333984375,0.16769313782641532,-0.1195488472431009,0.6219389261071836
low_carbon,none,co2_kg,lower,12,379.1390923535296,-1001.3018769525115,2444.0190866001453,0.9697265625,0.036578127862983464,-0.4855153580312117,0.7734230675646101
low_carbon,none,e_total_mwh,lower,12,0.33745556356118794,-6.071972541675563,9.816612894109994,0.33935546875,0.026468339051858372,-0.3551915145847632,0.6072588270541668
low_carbon,none,recommended_exceedance_degc_h,lower,12,1.6699176619283662e-07,1.7835335749024262e-08,3.3053126830366076e-07,0.123046875,,,
low_carbon,none,recommended_exceedance_hours,lower,12,0.0,0.0,0.0,1.0,,,
low_carbon,none,recommended_compliance_pct,higher,12,0.0,0.0,0.0,1.0,,,
low_carbon,none,p95_t_inlet_c,lower,12,0.07416184512493877,0.036632132688594214,0.11016227504129272,0.0068359375,,,
low_carbon,none,p99_t_inlet_c,lower,12,0.06889578775781136,0.03843025136599633,0.0989946043920388,0.0048828125,,,
low_carbon,none,max_t_inlet_c,lower,12,1.6443121412616316e-07,1.4419333875063481e-08,3.115384030749624e-07,0.0771484375,,,
low_carbon,none,min_allowable_headroom_c,higher,12,1.6443121353404422e-07,1.283863563609581e-08,3.1144513856773394e-07,0.0771484375,,,
low_carbon,none,allowable_exceedance_hours,lower,12,0.0,0.0,0.0,1.0,,,
low_carbon,none,allowable_exceedance_degc_h,lower,12,0.0,0.0,0.0,1.0,,,
low_carbon,none,temporal_rci_hi_pct,higher,12,1.9879976775882824e-08,2.1075156434828086e-09,3.940115789191623e-08,0.123046875,,,
low_total,adverse_bias,common_cost,lower,12,-0.5423988191391859,-1.293528915303537,0.02673052255377155,0.01220703125,-0.3076786703767787,-0.6819243092331285,0.0035343835972142636
low_total,adverse_bias,e_grid_mwh,lower,12,-3.7765964129364775,-5.502882591930188,-2.1113423144276533,0.0009765625,-0.515339407226039,-0.8336626767158543,-0.2579608403501159
low_total,adverse_bias,co2_kg,lower,12,-830.0495028379428,-2253.0652208968772,141.02792583381452,0.0341796875,-0.4847185407307163,-0.8333157304810552,-0.18200336064990105
low_total,adverse_bias,e_total_mwh,lower,12,0.01678934941630435,-5.3027684186117465,7.483790482204658,0.33935546875,-0.029503895320489176,-0.3323383711424805,0.3834980596317617
low_total,adverse_bias,recommended_exceedance_degc_h,lower,12,3.190509968516627e-06,9.65757694741202e-07,8.556750820920554e-06,0.00048828125,,,
low_total,adverse_bias,recommended_exceedance_hours,lower,12,0.0,0.0,0.0,1.0,,,
low_total,adverse_bias,recommended_compliance_pct,higher,12,0.0,0.0,0.0,1.0,,,
low_total,adverse_bias,p95_t_inlet_c,lower,12,0.16245773397587637,0.08524371619498529,0.2283628390467444,0.00048828125,,,
low_total,adverse_bias,p99_t_inlet_c,lower,12,0.09297648953625644,0.047323273183014436,0.13096670957555911,0.00048828125,,,
low_total,adverse_bias,max_t_inlet_c,lower,12,0.009155131650331327,2.3376442717844744e-07,0.036617384321631086,0.00048828125,,,
low_total,adverse_bias,min_allowable_headroom_c,higher,12,0.009155131650331697,2.3400294002310733e-07,0.03661737972159227,0.00048828125,,,
low_total,adverse_bias,allowable_exceedance_hours,lower,12,0.0,0.0,0.0,1.0,,,
low_total,adverse_bias,allowable_exceedance_degc_h,lower,12,0.0,0.0,0.0,1.0,,,
low_total,adverse_bias,temporal_rci_hi_pct,higher,12,3.798226112886975e-07,1.1570005871893348e-07,1.0159455559488603e-06,0.00048828125,,,
low_total,none,common_cost,lower,12,-0.13820274244527533,-0.6120566500589758,0.24007913176220086,0.38037109375,-0.07369941150088527,-0.3523826716435361,0.16987657483671909
low_total,none,e_grid_mwh,lower,12,0.03374003719573201,-0.7257356696581295,0.9359114935283581,0.791015625,0.034951457254610074,-0.08925979689785957,0.18443061626091448
low_total,none,co2_kg,lower,12,-370.3945084557378,-1326.8696608325072,116.16593545836427,0.30126953125,-0.18736684601352183,-0.5140551128623833,0.049642301909242174
low_total,none,e_total_mwh,lower,12,-1.1070105694658234,-7.965005410466683,7.121622133705598,0.26611328125,-0.05453663405679156,-0.44537318347650223,0.4637811740749783
low_total,none,recommended_exceedance_degc_h,lower,12,4.998486868856844e-08,-1.2675471080895543e-07,1.8962436006593938e-07,0.1015625,,,
low_total,none,recommended_exceedance_hours,lower,12,0.0,0.0,0.0,1.0,,,
low_total,none,recommended_compliance_pct,higher,12,0.0,0.0,0.0,1.0,,,
low_total,none,p95_t_inlet_c,lower,12,0.08108412640892511,0.03444199486398018,0.1291576783124538,0.0048828125,,,
low_total,none,p99_t_inlet_c,lower,12,0.07651352123852966,0.03743668910410503,0.1218941590186408,0.01611328125,,,
low_total,none,max_t_inlet_c,lower,12,0.004082526097593704,-0.01941313599718503,0.035743060121131265,0.38037109375,,,
low_total,none,min_allowable_headroom_c,higher,12,0.004082526097593631,-0.019413135089380546,0.03574306012113363,0.38037109375,,,
low_total,none,allowable_exceedance_hours,lower,12,0.0,0.0,0.0,1.0,,,
low_total,none,allowable_exceedance_degc_h,lower,12,0.0,0.0,0.0,1.0,,,
low_total,none,temporal_rci_hi_pct,higher,12,5.9505775122185396e-09,-1.4875239973122235e-08,2.260448539459502e-08,0.1015625,,,
primary,adverse_bias,common_cost,lower,12,-0.6433321286772463,-1.5140914488427673,0.07443873056901579,0.09228515625,-0.3556885709414922,-0.7387470042544731,0.0490878421074875
primary,adverse_bias,e_grid_mwh,lower,12,-4.056452913390513,-6.77583238453382,-1.3561287235010202,0.00244140625,-0.5891962181940968,-1.1275113792481384,-0.11278051089944933
primary,adverse_bias,co2_kg,lower,12,-889.7062496642747,-2649.145071070389,276.1972630762299,0.33935546875,-0.7678980898193248,-1.4835704638281066,-0.12219231116208475
primary,adverse_bias,e_total_mwh,lower,12,-0.5728039738347283,-7.033433219448919,7.921729827105545,0.30126953125,-0.0676682642112659,-0.4428410214069382,0.40842906141417246
primary,adverse_bias,recommended_exceedance_degc_h,lower,12,1.0472951559011662e-05,1.0006260610836055e-06,3.6191804517424034e-05,0.00048828125,,,
primary,adverse_bias,recommended_exceedance_hours,lower,12,0.0,0.0,0.0,1.0,,,
primary,adverse_bias,recommended_compliance_pct,higher,12,0.0,0.0,0.0,1.0,,,
primary,adverse_bias,p95_t_inlet_c,lower,12,0.1592872926459883,0.08390056251465279,0.2115701702453728,0.00048828125,,,
primary,adverse_bias,p99_t_inlet_c,lower,12,0.07032626962496528,0.0377943591209681,0.10066404438982939,0.0009765625,,,
primary,adverse_bias,max_t_inlet_c,lower,12,9.268518156524408e-06,1.693264157257938e-07,3.348462913425424e-05,0.00048828125,,,
primary,adverse_bias,min_allowable_headroom_c,higher,12,9.268518156450392e-06,1.6851421287267242e-07,3.44264869969931e-05,0.00048828125,,,
primary,adverse_bias,allowable_exceedance_hours,lower,12,0.0,0.0,0.0,1.0,,,
primary,adverse_bias,allowable_exceedance_degc_h,lower,12,0.0,0.0,0.0,1.0,,,
primary,adverse_bias,temporal_rci_hi_pct,higher,12,1.2467799486159947e-06,1.1834954231441468e-07,4.218021203072908e-06,0.00048828125,,,
primary,none,common_cost,lower,12,0.09448202461647763,-0.5126033096942706,0.88892196198891,0.6220703125,0.025893333271849544,-0.21770733059685304,0.3263539837862061
primary,none,e_grid_mwh,lower,12,0.30022201090386363,-0.6776029296965614,1.7748224973386186,0.9697265625,0.05031216313463909,-0.07647655949459299,0.2554212746197211
primary,none,co2_kg,lower,12,-475.52089164684116,-1308.930850233822,90.35988932617313,0.17626953125,-0.2437749218306484,-0.5691065980152386,0.034562831998930885
primary,none,e_total_mwh,lower,12,1.9621677742078798,-3.8157090288667947,10.87542337032228,0.4697265625,0.11993094337300876,-0.2322782233987831,0.6712773483253764
primary,none,recommended_exceedance_degc_h,lower,12,5.16854988437861e-08,-2.6785497912277617e-07,3.000935130614828e-07,0.46484375,,,
primary,none,recommended_exceedance_hours,lower,12,0.0,0.0,0.0,1.0,,,
primary,none,recommended_compliance_pct,higher,12,0.0,0.0,0.0,1.0,,,
primary,none,p95_t_inlet_c,lower,12,0.09426882670202286,0.05873583166612247,0.13270081137120648,0.00244140625,,,
primary,none,p99_t_inlet_c,lower,12,0.07407416178648833,0.03720443629095501,0.11816238286195105,0.00341796875,,,
primary,none,max_t_inlet_c,lower,12,5.768932886951461e-08,-2.668155580624424e-07,3.0977622245131897e-07,0.5185546875,,,
primary,none,min_allowable_headroom_c,higher,12,5.7689329609663296e-08,-2.7353492944766816e-07,3.080162817470364e-07,0.5185546875,,,
primary,none,allowable_exceedance_hours,lower,12,0.0,0.0,0.0,1.0,,,
primary,none,allowable_exceedance_degc_h,lower,12,0.0,0.0,0.0,1.0,,,
primary,none,temporal_rci_hi_pct,higher,12,6.153032453918665e-09,-3.1510052404352485e-08,3.56138480483991e-08,0.46484375,,,
